{"cameraMode":{"drawMode":0,"name":"Shaded","section":"Shading Mode"},"sceneLighting":true,"audioPlay":false,"sceneViewState":{"showFog":true,"showMaterialUpdate":true,"showSkybox":true,"showFlares":true,"showImageEffects":true,"showParticleSystems":true},"in2DMode":false,"pivot":{"x":4.355802059173584,"y":22.204208374023439,"z":2.2601871490478517},"rotation":{"x":-0.06906518340110779,"y":-0.47305572032928469,"z":0.037213969975709918,"w":-0.8775326013565064},"size":7.9368743896484379,"orthographic":false}