{"cameraMode":{"drawMode":0,"name":"Shaded","section":"Shading Mode"},"sceneLighting":true,"audioPlay":false,"sceneViewState":{"showFog":true,"showMaterialUpdate":true,"showSkybox":false,"showFlares":true,"showImageEffects":true,"showParticleSystems":true},"in2DMode":false,"pivot":{"x":45.696998596191409,"y":-3.0882978439331056,"z":33.88999938964844},"rotation":{"x":-0.41215917468070986,"y":0.013980087824165821,"z":-0.006327901501208544,"w":-0.910982608795166},"size":9.802541732788086,"orthographic":false}