{"cameraMode":{"drawMode":0,"name":"Shaded","section":"Shading Mode"},"sceneLighting":true,"audioPlay":false,"sceneViewState":{"showFog":true,"showMaterialUpdate":true,"showSkybox":true,"showFlares":true,"showImageEffects":true,"showParticleSystems":true},"in2DMode":false,"pivot":{"x":0.9260513782501221,"y":22.972579956054689,"z":-0.15921306610107423},"rotation":{"x":-0.024768341332674028,"y":0.5409298539161682,"z":0.015957487747073175,"w":0.840551495552063},"size":3.182461977005005,"orthographic":false}